vaccine,vaccinetitle,vaccineblurb,vaccineimage,vaccinetext
,Phase-2-Studie,... abgeschlossen!,vaccine-syringe.jpg,"Ein vielversprechender Impfstoff wird entwickelt. 

Jeder Spieler erhÃ¤lt fÃ¼r jeweils 3 ğŸ§ /â¤/â‚¤ einen ğŸ†.

Jeder Spieler erhÃ¤lt danach 1ğŸ§  oder 1â¤."
,Seuchenampel,"... darum lieb' ich alles was so grÃ¼n ist ...",vaccine-trafficlights.jpg,"Eine Strategie wird vorgestellt. 
Legt auf alle freien Felder des MaÃŸnahmenbretts eine passende MaÃŸnahmenkarte.
Jeder Spieler kann eine ausliegende Aufgabe abschlieÃŸen."
,Phase-3-Studie,... abgeschlossen!,vaccine-syringe.jpg,"Eine Impfung ist in Aussicht! 

Jeder Spieler erhÃ¤lt fÃ¼r jeweils 3 ğŸ§ /â¤/â‚¤ einen ğŸ†.

Jeder Spieler erhÃ¤lt danach 1ğŸ§  oder 1â¤."
,Massenimpfung,Jetzt ists Ã¼berstanden!,vaccine-syringe.jpg,"Der Spieler, der diese Karte zieht, spielt seinen Zug noch zu Ende.
Danach sind alle anderen Spieler noch einmal am Zug."




task,tasktitle,taskblurb,taskkid?,taskwifi?,sub_A?,sub_A_border?,sub_A_text,sub_A_icon-?,sub_A_cost,sub_A2,sub_A2_icon-?,sub_A2_cost,sub_B?,sub_B_border?,sub_B_text,sub_B_icon-?,sub_B_cost,sub_C?,sub_C_border?,sub_C_text,sub_C_icon-?,sub_C_cost,taskimage
8,Arbeit,Geht's der Wirtschaft gut ...,n,n,				y,y,Besuche deinen Arbeitsplatz,money,+5,					n,n,,			y,n,Kehre heim,victory,+1,						n,n,n,n,n,task-work.jpg
4,Arbeit,Was fÃ¼r ein Tag!,n,n,							y,y,Besuche deinen Arbeitsplatz,money,+5,					y,sanity,-1,	y,n,Kehre heim,victory,+2,						n,n,n,n,n,task-work.jpg
4,Arbeit,Ãœberstunden!,n,n,								y,y,Besuche deinen Arbeitsplatz,sanity,-1,					y,health,-1,	y,y,Bleib dort,money,+6,						y,n,Kehre heim,victory,+2,task-work.jpg
4,Arztbesuch,"Oh Schmerz, Oh Pein!",n,n,				y,y,Besuche Arzt oder Krankenhaus,health,>=3,				n,n,,			y,n,Besuche die Apotheke,victory,+1,			n,n,n,n,n,task-doctor.jpg
2,Kinderarzt,,y,n,										y,y,Besuche Arzt oder Krankenhaus,sanity,-1,				n,n,,			y,n,Besuche die Apotheke,victory,+2,			n,n,n,n,n,task-doctor.jpg
2,Krankenbesuch,Du hast die Blumen vergessen!,n,n,		y,n,Besuche das Krankenhaus,sanity,-1,						y,victory,+1,	n,n,n,n,n,										n,n,n,n,n,task-hospital-visit.jpg
2,Krankenbesuch,,n,n,									y,y,Hol Blumen im Supermarkt oder Einkaufszentrum,money,-1,	n,n,,			y,n,Besuche das Krankenhaus,victory,+2,			n,n,n,n,n,task-hospital-visit.jpg
4,Kaufrausch,... geht's uns allen gut!,n,n,				y,y,Besuche das Einkaufszentrum,money,-2,					y,sanity,+1,	y,n,Bring deine SchÃ¤tze heim,victory,+2,		n,n,n,n,n,task-shopping.jpg
4,Kaufrausch,Odyssee durch die Mall,n,n,				y,y,Besuche das Einkaufszentrum,money,-2,					n,n,,			y,y,Bleib dort,sanity,+1,						y,n,Bring deine SchÃ¤tze heim,victory,+3,task-shopping.jpg
4,Onlineshopping,Durchs wilde Amazonien,n,y,			y,y,Bestelle von Zuhause aus,money,-2,						y,sanity,+1,	y,n,Warte zu Hause auf das Paket,victory,+2,	n,n,n,n,n,task-online-shopping.jpg
2,Onlineshopping,LieferverzÃ¶gerung zur Primetime!,n,y,	y,y,Bestelle von Zuhause aus,money,-2,						y,sanity,+1,	y,y,Warte zu Hause auf das Paket,n,,			y,n,Warte noch lÃ¤nger,victory,+3,task-online-shopping.jpg
4,Einkauf,Ohne Mampf kein Kampf!,n,n,					y,y,Besuche den Supermarkt,money,-1,						n,n,,			y,n,Kehre heim,victory,+1,						n,n,n,n,n,task-groceries.jpg
2,Einkauf,Hamsterkauf!,n,n,								y,y,Besuche den Supermarkt,money,-2,						y,sanity,-1,	y,n,Kehre heim,victory,+2,						n,n,n,n,n,task-groceries.jpg
2,Einkauf,Wer hat Steine eingepackt?,n,n,				y,y,Besuche den Supermarkt,money,-2,						y,health,-1,	y,n,Kehre heim,victory,+2,						n,n,n,n,n,task-groceries.jpg
2,Einkauf,Zweite Kassa bitte!,n,n,						y,y,Besuche den Supermarkt,money,-2,						n,n,,			y,y,Bleib dort,sanity,-1,						y,n,Kehre heim,victory,+3,task-groceries.jpg
2,SchÃ¼lertaxi,"Nicht fÃ¼r das Leben, ...",y,n,   		y,y,Besuche deinen Wohnort,,,								n,n,,			y,n,Besuche die Schule,victory,+1,				n,n,n,n,n,task-school.jpg
2,SchÃ¼lertaxi,"... lernen wir!",y,n,					y,y,Besuche die Schule,,,									n,n,,			y,n,Kehre heim,victory,+1,						n,n,n,n,n,task-school.jpg
2,Freunde besuchen,Hin ...,n,n,   						y,y,Besuche deinen Wohnort,,,								n,n,,			y,n,Besuche das andere WohngebÃ¤ude,victory,+1,	n,n,n,n,n,task-friends.jpg
2,Freunde besuchen,... und wieder zurÃ¼ck,n,n,			y,y,Besuche das andere WohngebÃ¤ude,,,						n,n,,			y,n,Kehre heim,victory,+1,						n,n,n,n,n,task-friends.jpg
2,Spielgruppe,Hin ...,y,n,   							y,y,Besuche deinen Wohnort,,,								n,n,,			y,n,Besuche das andere WohngebÃ¤ude,victory,+1,	n,n,n,n,n,task-playdate.jpg
2,Spielgruppe,... und wieder zurÃ¼ck,y,n,				y,y,Besuche das andere WohngebÃ¤ude,,,						n,n,,			y,n,Kehre heim,victory,+1,						n,n,n,n,n,task-playdate.jpg
1,Elternsprechtag,Er hat /was/ gemacht?!,y,n,			y,n,Besuche die Schule,sanity,-1,							y,victory,+1,	n,n,n,n,n,										n,n,n,n,n,task-teacher.jpg
3,Mittagessen,,n,n,										y,y,Besuche das Restaurant,money,-1,						y,sanity,+1,	y,n,Wohnort od. Arbeitsplatz,victory,+1,		n,n,n,n,n,task-dinner.jpg
3,Abendessen,"Muskatnuss, Herr MÃ¼ller!",n,n,			y,y,Besuche das Restaurant,money,-2,						y,sanity,+1,	y,n,Kehre heim,victory,+2,						n,n,n,n,n,task-dinner.jpg
2,Disconacht,I'm up all night to get lucky!,n,n,		y,n,Besuche die Disco,money,-1,								y,sanity,+1,	n,n,n,n,n,										n,n,n,n,n,task-club.jpg
2,Disconacht,Livekonzert!,n,n,							y,n,Besuche die Disco,money,-2,								y,sanity,+1,	y,n,HÃ¶r dir auch die Zugabe an,victory,+2,		n,n,n,n,n,task-concert.jpg
2,Kino,Lei(n)wand!,n,n,									y,n,Besuche das Kino,money,-1,								y,sanity,+1,	n,n,n,n,n,										n,n,n,n,n,task-cinema.jpg
2,Kino,Science Fiction Double Feature,n,n,				y,y,Besuche das Kino,money,-2,								y,sanity,+1,	y,n,Ein zweiter Film!,victory,+1,				n,n,n,n,n,task-cinema.jpg
2,Kino,Familienfilm!,y,n,								y,n,Besuche das Kino,money,-1,								y,victory,+1,	n,n,n,n,n,										n,n,n,n,n,task-cinema.jpg
3,Museum,Ist das Kunst oder kann das weg?,n,n,			y,n,Besuche das Museum,money,-1,							y,sanity,+1,	n,n,n,n,n,										n,n,n,n,n,task-museum.jpg
3,Museum,Familienausflug!,y,n,							y,n,Besuche das Museum,money,-1,							y,victory,+1,	n,n,n,n,n,										n,n,n,n,n,task-museum.jpg
2,Zocken,"Nein, /deine/ Mutter!",n,y,					y,y,Bleib zuhause,sanity,+1,								n,n,,			y,n,... und noch /eine/ Runde!,victory,+1,		n,n,n,n,n,task-gaming.jpg
2,Cyberbier,Du ruckelst - aber prost!,n,y,				y,y,Bleib zuhause,sanity,+1,								n,n,,			y,n,... und noch ein Bier!,victory,+1,			n,n,n,n,n,task-cyber-beer.jpg
2,Onlinediskussion,Facebook war ein Fehler,n,y,			y,y,Bleib zuhause,sanity,-1,								y,victory,+1,	y,n,"Beende die Schwurblerdemo",sanity,+1,		n,n,n,n,n,task-discussion.jpg
6,Sport,Er is gesund und macht uns hoat!,n,n,			y,n,Besuche das Fitnesstudio,health,+1,						y,sanity,+1,	n,n,n,n,n,										n,n,n,n,n,task-sport.jpg
4,RÃ¼ckenfit,Ãœbungen fÃ¼r den Alltag.,n,n,				y,n,Besuche deinen Wohnort oder Arbeitsplatz,health,+1,		n,n,,			n,n,n,n,n,										n,n,n,n,n,task-back-stretch.jpg
4,Bewegung,Zehntausend Schritte.,n,n,					y,n,Bewege dich zu FuÃŸ oder mit dem Fahrrad,health,+1,		n,n,,			n,n,n,n,n,										n,n,n,n,n,task-walking.jpg
2,Netflix, ... ohne Chill.,n,y,							y,y,Bleib zuhause,sanity,+1,								n,n,,			y,n,... und noch /eine/ Folge!,victory,+1,		n,n,n,n,n,task-netflix.jpg
4,Friseurbesuch,Ich hab' die Haare schÃ¶n!,n,n,			y,y,Besuche den Friseur,money,-1,							y,sanity,+1,	y,n,"Besuche ein anderes GebÃ¤ude
(nicht zuhause)",victory,+1,n,n,n,n,n,task-haircut.jpg






player,playertopic,playertopicback,playertitle,playerimage=default-upright.jpg,playertext,playerwifi?,playerkid?
3,Wohnort,Wohnort,Berggasse,player-berggasse.jpg,Dein Wohnort ist das Haus in der Berggasse.,,
3,Wohnort,Wohnort,HauptstraÃŸe,player-hauptstrasse.jpg,Dein Wohnort ist das Haus in der HauptstraÃŸe.,,
,Arbeitsplatz,Arbeitsplatz,Schule,player-teacher.jpg,"Du bist LehrerIn.

Ist die Schule geschlossen, kannst du von Zuhause aus arbeiten.

Du kannst dafÃ¼r im Schritt /Aufgabenteil erledigen/ einen Aufgabenmarker auf die /Arbeit/-Karte legen, wenn du zuhause bist und das Internet funktioniert.",y,
,Arbeitsplatz,Arbeitsplatz,Cyber Corp.,player-cyber.jpg,"Du arbeitest bei einem sehr modernen Unternehmen.
Alle /Arbeit/-Aufgaben zÃ¤hlen fÃ¼r dich als Internetkarte.
Du kannst jederzeit WfH machen. Du kannst dafÃ¼r im Schritt /Aufgabenteil erledigen/ einen Aufgabenmarker auf die /Arbeit/-Karte legen, wenn du zuhause bist und das Internet funktioniert.",y,
,Arbeitsplatz,Arbeitsplatz,Bank-AG,player-bank.jpg,"Du arbeitest auf der Bank.

Du bekommst einfach Mitarbeiterkredit, auch wenn dir die Schulden Sorgen machen: Du kannst jederzeit 1ğŸ§  hergeben, um 2â‚¤ zu erhalten.

Du kannst dir die /WfH/-Bonuskarte nehmen, oder einen zufÃ¤lligen Bonus ziehen.",,
,Arbeitsplatz,Arbeitsplatz,Apotheke,player-pharmacy.jpg,"Du arbeitest in der Apotheke.

Wird dein Arbeitsplatz durch eine MaÃŸnahme geschlossen, erhÃ¤ltst du einmal 2â‚¤ als Lohnfortzahlung. (Wird die MaÃŸnahme zurÃ¼ckgenommen und spÃ¤ter erneut aktiviert, bekommst du die Lohnfortzahlung erneut.)",,
,Arbeitsplatz,Arbeitsplatz,Restaurant,player-waiter.jpg,"Du arbeitest im Restaurant.

Ist das Restaurant durch eine MaÃŸnahme geschlossen, stellt es auf Lieferdienst um und du kannst es weiterhin betreten, um /Arbeit/-Aufgaben dort zu erledigen. 

Essen kannst du dort dann aber auch nicht mehr.",,
,Arbeitsplatz,Arbeitsplatz,Friseur,player-hairdresser.jpg,"Du arbeitest beim Friseur.

Wird dein Arbeitsplatz durch eine MaÃŸnahme geschlossen, erhÃ¤ltst du einmal 2â‚¤ als Lohnfortzahlung. (Wird die MaÃŸnahme zurÃ¼ckgenommen und spÃ¤ter erneut aktiviert, bekommst du die Lohnfortzahlung erneut.)",,
,Charakter,Charakter,Organisationstalent,,Dir stehen 4 (statt 3) Aufgabenmarker zur VerfÃ¼gung.,,
,Charakter,Charakter,Chaot,,"Dir stehen nur 2 Aufgabenmarker zur VerfÃ¼gung. 

Du kannst zu Beginn deines Zuges eine ausgelegte Aufgabenkarte ohne Punkteabzug ablegen, statt neue Aufgabenkarten zu ziehen.",,
,Charakter,Charakter,Workaholic,,Du kannst in deinem Zug 4 (statt 3) Aufgabenkarten ziehen und davon 2-4 behalten.,,
,Charakter,Charakter,Faulsack,,"Du darfst nur 2 statt 3 Aufgabenkarten ziehen, kannst aber frei wÃ¤hlen, ob und welche du behÃ¤ltst.",,
,Charakter,Charakter,Stoiker,,"Du beginnst das Spiel mit 4ğŸ§ Â und kannst bis zu 5ğŸ§ Â haben.",,
,Charakter,Charakter,Robust,,"Du beginnst das Spiel mit 4â¤ und kannst bis zu 5â¤ haben.",,
,Bonus,Bonus,Auto,,"Du besitzt das Auto und kannst dich in einem Zug beliebig weit fortbewegen.",,
,Bonus,Bonus,Fahrrad,,"Du besitzt das Fahrrad und kannst dich damit in einem Zug bis zu 3 StraÃŸen weit bewegen.

Wird diese Karte zu Beginn nicht gezogen oder das Fahrrad abgelegt, wird diese Karte offen ausgelegt und kann im Einkaufszentrum fÃ¼r 3â‚¤ erworben werden.",,
,Bonus,Bonus,Home-Gym,,"Du kannst die Aufgabe /Sport/ von Zuhause aus erfÃ¼llen. 

Ist die Schule geschlossen, erhÃ¤ltst du dafÃ¼r aber keinen ğŸ§ -Bonus.",,
,Bonus,Bonus,Youtube-Pilates,,"Du kannst die Aufgabe /Sport/ von Zuhause aus erfÃ¼llen, wenn das Internet funktioniert. 

Ist die Schule geschlossen, erhÃ¤ltst du dafÃ¼r aber keinen ğŸ§ -Bonus.",y,
,Bonus,Bonus,LÃ¤ufer,,"Du kannst die Aufgabe /Sport/ von Zuhause aus erfÃ¼llen. 

Ist die Schule geschlossen, erhÃ¤ltst du dafÃ¼r aber keinen ğŸ§ -Bonus.",,
,Bonus,Bonus,Kinderlos,,"Du kannst keine Aufgaben mit Kinder-Symbol erfÃ¼llen, dafÃ¼r wirkt sich die MaÃŸnahme /Schule geschlossen/ nicht auf deine ğŸ§  aus.",,y
,Bonus WfH,Bonus WfH,Bank-AG: WfH,player-wfh.jpg,"Sollte die Bank-AG geschlossen sein, kannst du von Zuhause aus arbeiten.
Du kannst dafÃ¼r im Schritt /Aufgabenteil erledigen/ einen Aufgabenmarker auf die /Arbeit/-Karte legen, wenn du zuhause bist und das Internet funktioniert.

Nur wenn dein Arbeitsplatz die Bank-AG ist!",y,
















measure,measurelevel-?,mlbleed-?,measureimage,measuretitle,measuretitle2,measuretext
,1,1,measure-mask.jpg,Maskenpflicht,in GebÃ¤uden,"Bereits anwesende Personen beim Betreten eines GebÃ¤udes erhÃ¶hen nicht mehr die Infektionszahl."
,1,1,measure-distance.jpg,Abstandsregel,in GebÃ¤uden,"GebÃ¤ude kÃ¶nnen nicht mehr betreten werden, wenn bereits eine Person anwesend ist. Ausnahme: WohngebÃ¤ude."
,1,1,measure-mask-traffic.jpg,Maskenpflicht,in Ã–ffis,"Bereits anwesende Personen beim Betreten des Ã¶ffentlichen Verkehrs erhÃ¶hen nicht mehr die Infektionszahl."
,1,1,measure-distance-traffic.jpg,Abstandsregel,in Ã–ffis,"Im Ã¶ffentlichen Verkehr dÃ¼rfen sich maximal 50% der Spieler (abgerundet) gleichzeitig aufhalten."
,1,1,measure-closed-1.jpg,Kino,geschlossen,Das Kino kann nicht mehr betreten werden.
,1,1,measure-closed-1.jpg,Fitnessstudio,geschlossen,Das Fitnessstudio kann nicht mehr betreten werden.
,1,1,measure-closed-1.jpg,Disco,geschlossen,Die Disco kann nicht mehr betreten werden.
,2,2,measure-closed-1.jpg,Friseur,geschlossen,"Der Friseursalon kann nicht mehr betreten werden."
,2,2,measure-closed-1.jpg,Restaurant,geschlossen,Das Restaurant kann nicht mehr betreten werden. 
,2,2,measure-closed-1.jpg,Einkaufszentrum,geschlossen,Das Einkaufszentrum kann nicht mehr betreten werden.
,2,2,measure-closed-1.jpg,Museum,geschlossen,Das Museum kann nicht mehr betreten werden.
,3,3,measure-closed-1.jpg,Ã–ffentlicher Verkehr,eingestellt,Der Ã¶ffentliche Verkehr kann nicht mehr betreten werden.
,3,3,measure-closed-1.jpg,Schule,geschlossen,"Die Schule ist geschlossen und kann nicht mehr betreten werden. 

Weil die Kinder zu Hause sind, kostet WfH jeweils 1ğŸ§ ."
,3,3,measure-closed-1.jpg,BÃ¼ros,geschlossen,"Die BÃ¼ros (Cyber Corp. und Bank-AG) sind geschlossen und kÃ¶nnen nicht mehr betreten werden. Wer dort arbeitet und kein WfH machen kann, erhÃ¤lt einmalig 1â‚¤ als Lohnfortzahlung."
,3,3,measure-checkpoint.jpg,StraÃŸensperren,,"Es dÃ¼rfen nur mehr GebÃ¤ude betreten werden, die an den eigenen Wohnort angrenzen."
,4,4,measure-closed-1.jpg,Arztpraxis,geschlossen,Die Arztpraxis ist geschlossen und kann nicht mehr betreten werden.
,4,4,measure-closed-1.jpg,Supermarkt,geschlossen,Der Supermarkt ist geschlossen und kann nicht mehr betreten werden.
,4,4,measure-closed-1.jpg,Apotheke,geschlossen,Die Apotheke ist geschlossen und kann nicht mehr betreten werden.
,4,4,measure-checkpoint.jpg,Ausgangssperre,,"Der eigene Wohnort darf nur verlassen werden, wenn man eine /notwendige/ Aufgabe (Arbeit, SchÃ¼lertaxi, Arztbesuch, Kinderarzt) ausliegen hat, die nicht durch SchlieÃŸungen beeintrÃ¤chtigt ist. 

Sonst ist, wenn man sich am Ende eines Zugs nicht zu Hause befindet, 1â‚¤ Strafe zu entrichten."
,4,4,measure-lockdown.jpg,Lockdown!,,"Liegen keine Aufgaben aus, endet das Spiel sofort!

FÃ¼r jede ausliegende Aufgabe wird die Infektionszahl um 1 reduziert, MaÃŸnahmen zurÃ¼ckgenommen. 

Alle Aufgaben wie in Schritt 3 abwerfen. 

Ausliegende Ereignisse und Ereignismarker entfernen.

Jeder wird auf seine Wohnung zurÃ¼ckgesetzt, verliert 1 â¤ od. ğŸ§ ."

































breakdown,breakdowntitle,breakdownbacktitle,breakdownblurb,breakdownimage=default.jpg,breakdowntext
4,Depression,Depression,"Nimm dir diese Karte, wenn deine ğŸ§  auf 0 fÃ¤llt.",event-frustration.jpg,"Du darfst maximal 2 Aufgabenkarten ausliegen haben und musst alle darÃ¼berhinausgehenden kostenlos abwerfen. Du kannst in Schritt 3 beliebig viele unerledigte Aufgaben kostenlos abwerfen.
Sobald deine ğŸ§  wieder 1 erreicht hat, erhÃ¤ltst du ein zweites ğŸ§  dazu und wirfst diese Karte ab."
4,Krankheit,Krankheit,"Nimm dir diese Karte, wenn deine â¤ auf 0 fÃ¤llt.",trauma.jpg,"Wirf alle deine ausliegenden Aufgaben ab. Du ziehst keine Aufgaben mehr und nutzt nur Auto, Taxi und Ã–ffi zur Fortbewegung.
ErhÃ¶he deine â¤ auf 2, wenn du das Krankenhaus betrittst (auch wenn geschlossen). 
Lege diese Karte ab, wenn du wieder 2â¤ hast."










event,eventtitle,eventblurb,eventimage=default.jpg,eventtext
,Ãœberlastung,Die KrankenhÃ¤user sind Ã¼berfÃ¼llt!,event-hospital-full.jpg,"Im Krankenhaus kÃ¶nnen keine Aufgaben mehr erfÃ¼llt werden (Ausnahme: /Krankheit/).

Bleibt ausliegen, bis eine MaÃŸnahme zurÃ¼ckgenommen wird."
,Schwurblerdemo,Kauft Aluminiumaktien!,event-demo.jpg,"Auto-, Fahrrad- und Taxifahrten sind nicht mehr mÃ¶glich.

Bleibt ausliegen, bis eine MaÃŸnahme zurÃ¼ckgenommen wird."
,Schwurblerdemo,Vor der Schule!,event-demo.jpg,"Die Schule kann nicht mehr betreten oder verlassen werden. Wer sich derzeit in der Schule befindet, verliert 1ğŸ§ .

Leg 2 Ereignismarker deiner Farbe auf die Schule."
,Schwurblerdemo,Vor dem Krankenhaus!,event-demo.jpg,"Das Krankenhaus kann nicht mehr betreten oder verlassen werden (Ausnahme: /Krankheit/). Wer sich derzeit im Krankenhaus befindet, verliert 1ğŸ§ .

Leg 2 Ereignismarker deiner Farbe auf das Krankenhaus."
,Internetausfall,Connection reset by peer,event-network-broken.jpg,"Internet-Aufgabenkarten kÃ¶nnen nicht mehr erfÃ¼llt werden.

Bleibt ausliegen, bis ein Spieler bei der Hotline angerufen hat - das kann jederzeit im jeweiligen Zug erfolgen und kostet 1ğŸ§ ."
,InternetstÃ¶rung,11001001000102,event-network-disturbed.jpg,"Jeder Spieler verliert fÃ¼r jede seiner ausliegenden Internet-Aufgabenkarten 1ğŸ§ , oder wirft die Aufgabe (ohne Aufgabenmarker -> Punkteverlust) ab."
,InternetstÃ¶rung,11001001000102,event-network-disturbed.jpg,"Du verlierst fÃ¼r jede deiner ausliegenden Internet-Aufgabenkarten 1ğŸ§ , oder wirfst die Aufgabe (ohne Aufgabenmarker -> Punkteverlust) ab."
,Coronakilos,Wer hat meine Hose enger genÃ¤ht?!,event-weight-gain.jpg,Jeder Spieler verliert 1 â¤.
,Coronakilos,Wer hat meine Hose enger genÃ¤ht?!,event-weight-gain.jpg,Du verlierst 1 â¤.
,Lagerkoller,AAAAAAAAHHHHHH!,event-frustration.jpg,"Jeder Spieler wirft sofort (ohne Punkteverlust) alle Aufgaben ab, die aufgrund von MaÃŸnahmen oder Ereignissen momentan nicht abschlieÃŸbar sind.

Sind es 2 oder mehr, verliert der Spieler 1ğŸ§ , bei 4 oder mehr sogar 2ğŸ§ ."
,Lagerkoller,AAAAAAAAHHHHHH!,event-frustration.jpg,"Du wirfst sofort (ohne Punkteverlust) alle Aufgaben ab, die aufgrund von MaÃŸnahmen oder Ereignissen momentan nicht abschlieÃŸbar sind.

Sind es 2 oder mehr, verlierst du 1ğŸ§ , bei 4 oder mehr sogar 2ğŸ§ ."
,Fahrraddieb,Ich habs doch hier angekettet?,event-bike-theft.jpg,"Wer das Fahrrad hat, muss es ablegen.

Das Fahrrad kann im Einkaufszentrum wieder fÃ¼r 3â‚¤ erworben werden."
,Fahrradunfall,Uff Aua Autsch!,event-bike-accident.jpg,"Wer das Fahrrad hat, muss es ablegen und verliert alle â¤ bis auf 1.
Das Fahrrad kann im Einkaufszentrum wieder fÃ¼r 3â‚¤ erworben werden.

Hat derzeit kein Spieler das Fahrrad, verlierst stattdessen du ein â¤."
,Autounfall,Crash Boom Bang!,event-car-accident.jpg,"Wer das Auto hat, muss es ablegen (es ist dann aus dem Spiel).
Seine â¤ reduziert sich auf 0 und er erhÃ¤lt eine /Krankheit/-Karte.

Ist das Auto nicht (mehr) im Spiel, verlierst stattdessen du ein â¤."
,StraÃŸendesinfektion,Unheimlich!,event-disinfect.jpg,"Trucks versprÃ¼hen im ganzen Stadtgebiet Desinfektionsmittel. Auto-, Fahrrad- und Taxifahrten sind nicht mÃ¶glich. 

Leg 2 Ereignismarker auf diese Karte."
,Pressekonferenz,Die nÃ¤chsten Wochen werden entscheidend sein.,event-press.jpg,"Kanzler und Gesundheitsminister sprechen der BevÃ¶lkerung Mut zu - ohne Erfolg.

Jeder Spieler verliert 1ğŸ§ ."
,Eigenverantwortung,"Wir sind schlieÃŸlich alle erwachsen!",,"Auch wenn es dich mitnimmt, hÃ¤ltst du alle Empfehlungen vorbildlich ein. 

Du verlierst 1ğŸ§ , aber die Infektionszahl sinkt um 1 Punkt."
,Eigenverantwortung,"Wir sind schlieÃŸlich alle erwachsen!",,"Benenne einen deiner Mitspieler, der alle Empfehlungen vorbildlich einhÃ¤lt und lobe ihn mit salbungsvollen Worten.

Er verliert 1ğŸ§  und die Infektionszahl sinkt um 1 Punkt."
,Kaufhaus Locktown,"Regional, Digital, PhÃ¤nomenal!",event-locktown.jpg,"Die Wirtschaftskammer kurbelt mit einem raffinierten Internetportal die heimische Wirtschaft an.

Fast jedenfalls. Jeder Spieler verliert 1ğŸ§ ."
,Schii-ii-ii-ii-foan,"Die BehÃ¶rden haben alles richtig gemacht!",event-frustration.jpg,"Absurde Diskussionen Ã¼ber Staus an den Skiliften und HÃ¶chstbelegung von Seilbahngondeln lassen dich an der Menschheit zweifeln. 

Du verlierst 1ğŸ§ ."
,BundesgÃ¤rten,"Wieso ist da zugesperrt?!",,"Die FreizeitmÃ¶glichkeiten drauÃŸen sind empfindlich eingeschrÃ¤nkt.

Jeder verliert wahlweise 1ğŸ§  oder 1â¤."
,Babyelefant,Er kann sogar PurzelbÃ¤ume schlagen!,event-elephant.jpg,"EntzÃ¼ckende Bilder des DickhÃ¤uternachwuchses aus dem Ã¶rtlichen Zoo lassen alle ihre Sorgen fÃ¼r ein paar Minuten vergessen.

Jeder Spieler erhÃ¤lt 1ğŸ§ ."
,Babyelefant,Er kann sogar PurzelbÃ¤ume schlagen!,event-elephant.jpg,"EntzÃ¼ckende Bilder des DickhÃ¤uternachwuchses aus dem Ã¶rtlichen Zoo lassen dich deine Sorgen fÃ¼r ein paar Minuten vergessen.

Du erhÃ¤ltst 1ğŸ§ ."
,Renovierung,Es kommt momentan eh niemand.,event-closed-1.jpg,"Das Restaurant wird renoviert und ist geschlossen. 

Leg 2 Ereignismarker deiner Farbe auf das Restaurant."
,Renovierung,Es kommt momentan eh niemand.,event-closed-1.jpg,"Das Kino wird renoviert und ist geschlossen. 

Leg 2 Ereignismarker deiner Farbe auf das Kino."
,Renovierung,Es kommt momentan eh niemand.,event-closed-1.jpg,"Das Einkaufszentrum wird momentan renoviert und ist geschlossen. 

Leg 2 Ereignismarker deiner Farbe auf das Einkaufszentrum."
,Renovierung,Mehr Licht!,event-closed-1.jpg,"Die Disco wird momentan renoviert und ist geschlossen. 

Leg 2 Ereignismarker deiner Farbe auf die Disco."
,Renovierung,Gewichtige Ã„nderung!,event-closed-1.jpg,"Das Fitnessstudio wird momentan renoviert und ist geschlossen. 

Leg 2 Ereignismarker deiner Farbe auf das Fitnessstudio."
,Umgestaltung,Mondrian statt Schlendrian!,event-closed-1.jpg,"Das Museum wird momentan umgestaltet und ist geschlossen. 

Leg 2 Ereignismarker deiner Farbe auf das Museum."
,Fernsehdebatte,I bhak di net!,,"UnÃ¼berlegter TV-Konsum kostet dich 1ğŸ§ ."
,Heimwerkerking,Harf harf harf!,,"Du hÃ¤ttest diese Reparatur doch lieber einem Profi Ã¼berlassen sollen. Du verlierst 1â¤."
,Retro-Trend,Locktown Horror Story,,"Eine Fernsehserie lÃ¶st einen 80er-Jahre Nostalgie-Trend aus. Du lÃ¤dst dir Aerobics-Videos aus dem Netz und erhÃ¤ltst 1â¤."
,Intervention,"Die Lobby ist immer und Ã¼berall!",,"Ersetze eine beliebige ausliegende MaÃŸnahme (aktiv oder geplant) durch eine von dir aus dem Stapel gewÃ¤hlte Gleichwertige. (Dies zÃ¤hlt nicht als /zurÃ¼cknehmen/.)
Alternativ kannst du ein ausliegendes Ereignis beenden (Karte od. Marker)."
,Intervention,"War das eine Oligarchennichte?",,"Ersetze eine beliebige ausliegende MaÃŸnahme (aktiv oder geplant) durch eine von dir aus einem beliebigen Stapel gewÃ¤hlte. (Dies zÃ¤hlt nicht als /zurÃ¼cknehmen/.)
Alternativ kannst du ein ausliegendes Ereignis beenden (Karte od. Marker)."
,Avocagolf,Schlagen Veganer eigentlich Birdies?,,"Deine Lieblingssportart kann momentan nicht mehr ausgeÃ¼bt werden - aber du erfindest eine Variante, mit der du geschickt alle MaÃŸnahmen umgehst. 

Du erhÃ¤ltst 1â¤."
2,Wochenplan,"Es ist Mittwoch, meine Kerle!",,"Du bringst Ordnung in deinen Alltag. 

Wirf wahlweise bis zu 3 Aufgaben kostenlos ab oder such dir bis zu 2 Aufgaben aus dem Aufgabenkartenstapel aus (mische ihn dann neu)."
,Stadelparty,Wo liegt hier eigentlich der Stroh-Rum?,,"Die Polizei lÃ¶st deine illegale Stadelparty auf. 

Zahl 2â‚¤ Strafe - wenn du das nicht kannst, wirst du verprÃ¼gelt und verlierst 1â¤."
,Garagenparty,"Blau-Silber Partybus, schalalalala!",,"Neben zahlreichen Freunden besuchen leider auch Freund und Helfer deine illegale Garagenparty. 

Zahl 2â‚¤ Strafe - wenn du das nicht kannst, wirst du nur streng ermahnt und verlierst 1ğŸ§ ."
,Kabinenparty,Geht scho gemma Voigas!,,"Du gibst eine hÃ¶chst illegale und ebenso geheime Party fÃ¼r deine Freunde - und wirst nicht erwischt!

Erhalte 1ğŸ§  und erhÃ¶he den InfektionszÃ¤hler um 1 Punkt."
,Meditation,Geist und KÃ¶rper im Einklang,,"Ein Online-Yogakurs bringt euch in Harmonie.

Jeder kann 1ğŸ§  abgeben, um 1â¤ zu erhalten oder umgekehrt."
,Meditation,Geist und KÃ¶rper im Einklang,,"Du entdeckst einen Online-Yogakurs, der deine Chakren harmonisiert.

Du kannst, wenn du mÃ¶chtest, 1ğŸ§  abgeben, um 1â¤ zu erhalten oder umgekehrt."
,Flashback,Korrupte Haben Geld,,"Medienberichte Ã¼ber ein Gerichtsurteil gegen einen ehemaligen Minister erinnern dich an eine bessere Zeit.

Du erhÃ¤ltst 1ğŸ§ ."
